,id,firstName,lastName,email,isActive
0,1,Charlene,Roberts,charlene_roberts@example.com,True
1,2,Amina,King,amina_king41@example.com,True
2,3,Conner,Bernhard,conner.bernhard33@example.com,True
3,4,Cayla,Farrell,cayla_farrell@example.com,True
4,5,Webster,Skiles,webster_skiles39@example.com,True
5,6,Brycen,Bayer,brycen_bayer60@example.com,True
6,7,Einar,Volkman,einar_volkman69@example.com,True
7,8,Alvena,Emmerich,alvena_emmerich52@example.com,True
8,9,Anne,Hamill,anne_hamill75@example.com,True
9,10,Jaycee,Erdman,jaycee_erdman96@example.com,True
10,11,Leonel,Hamill,leonel_hamill33@example.com,True
11,12,Mara,Johnson,mara.johnson17@example.com,True
12,13,Judy,Hackett,judy_hackett49@example.com,True
13,14,Alanna,Kilback,alanna_kilback31@example.com,True
14,15,Zachariah,Herzog,zachariah_herzog42@example.com,True
15,16,Casimir,Smitham,casimir_smitham35@example.com,True
16,17,Gavin,Lowe,gavin_lowe@example.com,True
17,18,Kenya,Abshire,kenya.abshire@example.com,True
18,19,Melba,Collier,melba.collier@example.com,True
19,20,Alvina,Koch,alvina.koch8@example.com,True
20,21,Guy,Christiansen,guy.christiansen40@example.com,True
21,22,Antoinette,Greenfelder,antoinette_greenfelder61@example.com,True
22,23,Ericka,DuBuque,ericka.dubuque@example.com,True
23,24,Celia,D'Amore,celia_damore@example.com,True
24,25,Jennifer,Stoltenberg,jennifer_stoltenberg@example.com,True
25,26,Melvina,Reilly,melvina_reilly83@example.com,True
26,27,Rosella,Homenick,rosella.homenick@example.com,True
27,28,Queen,Lubowitz,queen.lubowitz76@example.com,True
28,29,Jensen,Bashirian,jensen_bashirian@example.com,True
29,30,Conrad,Connelly,conrad.connelly22@example.com,True
30,31,Izaiah,Rempel,izaiah_rempel@example.com,True
31,32,Kariane,Schmitt,kariane.schmitt97@example.com,True
32,33,Cassidy,Christiansen,cassidy_christiansen38@example.com,True
33,34,Koby,Pouros,koby_pouros60@example.com,True
34,35,Dwight,Dicki-Medhurst,dwight.dicki-medhurst69@example.com,True
35,36,Karlee,Hudson-Turner,karlee.hudson-turner88@example.com,True
36,37,Lenny,Howe,lenny.howe@example.com,True
37,38,Edward,Jacobson,edward_jacobson38@example.com,True
38,39,Margaretta,Barrows,margaretta_barrows41@example.com,True
39,40,Gwendolyn,Wyman,gwendolyn.wyman87@example.com,True
40,41,Amely,Daniel,amely_daniel@example.com,True
41,42,Trace,Witting-Stamm,trace_witting-stamm17@example.com,True
42,43,Lamar,Wilkinson,lamar_wilkinson43@example.com,True
43,44,Everett,Yundt,everett_yundt11@example.com,True
44,45,Myrtie,Daniel,myrtie_daniel33@example.com,True
45,46,Della,Labadie,della_labadie@example.com,True
46,47,Lacy,Gusikowski,lacy.gusikowski@example.com,False
47,48,Maymie,Boehm,maymie.boehm90@example.com,True
48,49,Green,Kozey,green_kozey22@example.com,True
49,50,Jolie,Abernathy,jolie_abernathy33@example.com,True
50,51,Hermina,West,hermina.west3@example.com,True
51,52,Samson,Stroman,samson_stroman@example.com,True
52,53,Darian,Schaden,darian_schaden36@example.com,True
53,54,Jo,Haag-Mayer,jo_haag-mayer@example.com,True
54,55,Simeon,Robel,simeon_robel12@example.com,True
55,56,Niko,Wisozk,niko_wisozk@example.com,True
56,57,Raheem,Kovacek,raheem_kovacek3@example.com,True
57,58,Autumn,Bartell,autumn.bartell95@example.com,True
58,59,Lilla,Koss,lilla.koss@example.com,True
59,60,Merl,Jenkins,merl.jenkins6@example.com,True
60,61,Jarrell,Flatley,jarrell_flatley39@example.com,True
61,62,Mckenna,Hegmann-Price,mckenna.hegmann-price77@example.com,True
62,63,Theresia,Collins,theresia_collins86@example.com,True
63,64,Beau,Stiedemann,beau.stiedemann@example.com,True
64,65,Enos,Hamill,enos_hamill@example.com,True
65,66,Tiara,Wilderman,tiara_wilderman@example.com,True
66,67,Kaden,Brekke,kaden_brekke@example.com,True
67,68,Jewell,Olson,jewell_olson2@example.com,True
68,69,Lamont,Huel,lamont.huel@example.com,True
69,70,Virginie,O'Connell,virginie.oconnell55@example.com,True
70,71,Florencio,Mohr,florencio_mohr@example.com,True
71,72,Ike,Breitenberg,ike.breitenberg@example.com,True
72,73,Ryan,Conroy,ryan_conroy@example.com,True
73,74,Terence,Lemke,terence.lemke85@example.com,True
74,75,Candace,Mueller,candace.mueller@example.com,False
75,76,Jesse,Kiehn,jesse_kiehn92@example.com,True
76,77,Berniece,Medhurst,berniece_medhurst@example.com,True
77,78,Marilou,Douglas,marilou.douglas@example.com,True
78,79,Bradford,Doyle,bradford.doyle42@example.com,True
79,80,Amya,Powlowski,amya_powlowski32@example.com,True
80,81,Mateo,Gerlach,mateo.gerlach@example.com,True
81,82,Stephan,Heller,stephan.heller@example.com,True
82,83,Hortense,Cruickshank,hortense.cruickshank65@example.com,True
83,84,Phyllis,Hyatt,phyllis_hyatt83@example.com,True
84,85,Colby,Kovacek,colby_kovacek40@example.com,True
85,86,Mable,West,mable_west@example.com,True
86,87,Michaela,Feeney,michaela_feeney46@example.com,True
87,88,Pinkie,Denesik,pinkie_denesik32@example.com,True
88,89,Mazie,Douglas,mazie_douglas@example.com,True
89,90,Myrl,Pollich,myrl.pollich@example.com,True
90,91,Ruben,Terry,ruben.terry@example.com,True
91,92,Filiberto,Fay,filiberto.fay59@example.com,True
92,93,Velma,Jerde,velma.jerde56@example.com,True
93,94,Camron,O'Conner,camron.oconner54@example.com,True
94,95,Ethyl,Auer,ethyl_auer89@example.com,True
95,96,Matilde,Beahan,matilde_beahan@example.com,True
96,97,Esperanza,Casper,esperanza_casper@example.com,True
97,98,Tabitha,McKenzie,tabitha_mckenzie@example.com,True
98,99,Whitney,O'Reilly,whitney.oreilly@example.com,True
99,100,Charity,Crona,charity.crona12@example.com,True
100,101,Norbert,Jacobi,norbert_jacobi92@example.com,True
101,102,Lazaro,Rath,lazaro.rath42@example.com,True
102,103,Rosina,Larkin,rosina.larkin75@example.com,True
103,104,Jermain,Kshlerin,jermain_kshlerin51@example.com,True
104,105,Lemuel,Jast,lemuel.jast27@example.com,True
105,106,Allan,Buckridge,allan_buckridge@example.com,False
106,107,Elva,Roberts,elva.roberts48@example.com,True
107,108,Abdul,Rau,abdul.rau@example.com,True
108,109,Vida,Kunde-Koepp,vida_kunde-koepp95@example.com,True
109,110,Earnestine,Dickinson,earnestine_dickinson@example.com,True
110,111,Dovie,Gorczany,dovie.gorczany@example.com,True
111,112,Marta,Harvey,marta.harvey68@example.com,True
112,113,Arnaldo,Friesen,arnaldo_friesen78@example.com,True
113,114,Sam,Hegmann-Jast,sam_hegmann-jast86@example.com,True
114,115,Jamal,Gerhold,jamal.gerhold@example.com,True
115,116,Daren,Lockman,daren_lockman67@example.com,True
116,117,Leora,Doyle,leora_doyle@example.com,True
117,118,Eveline,Emard,eveline.emard@example.com,True
118,119,Jennifer,Hoeger,jennifer.hoeger@example.com,True
119,120,Maria,Senger,maria.senger@example.com,True
120,121,Lennie,Dickinson,lennie_dickinson8@example.com,True
121,122,Nikko,Kuhlman,nikko_kuhlman@example.com,False
122,123,Telly,Sanford,telly.sanford@example.com,True
123,124,Aaron,Fritsch,aaron.fritsch@example.com,True
124,125,Diana,Murazik,diana.murazik31@example.com,True
125,126,Gerda,Streich,gerda_streich@example.com,True
126,127,Audreanne,Will,audreanne_will@example.com,True
127,128,Maximus,Bosco,maximus_bosco@example.com,True
128,129,Wade,Upton,wade_upton78@example.com,True
129,130,Amari,Koch,amari.koch@example.com,True
130,131,Lew,O'Kon,lew.okon75@example.com,True
131,132,Ludwig,Stiedemann,ludwig_stiedemann@example.com,True
132,133,Britney,Haag,britney.haag@example.com,True
133,134,Glenna,Keebler,glenna_keebler@example.com,True
134,135,Porter,Dooley,porter.dooley@example.com,True
135,136,Mike,Zemlak,mike.zemlak96@example.com,True
136,137,April,Kihn,april.kihn55@example.com,True
137,138,Jonas,Rath,jonas.rath@example.com,True
138,139,Kathleen,Lynch,kathleen_lynch1@example.com,True
139,140,Chyna,Kozey,chyna_kozey80@example.com,True
140,141,Wendy,Borer,wendy_borer@example.com,True
141,142,Carley,Gleichner,carley.gleichner@example.com,True
142,143,Clyde,Bernier-Gleason,clyde_bernier-gleason6@example.com,True
143,144,Fritz,Skiles,fritz_skiles@example.com,True
144,145,Tillman,Breitenberg,tillman_breitenberg54@example.com,True
145,146,Jacynthe,Sawayn,jacynthe_sawayn71@example.com,True
146,147,Hershel,Smitham,hershel.smitham@example.com,True
147,148,Douglas,Frami,douglas.frami@example.com,True
148,149,Rickie,Sporer,rickie.sporer50@example.com,True
149,150,Jonathan,Howe,jonathan_howe77@example.com,True
150,151,Wiley,Rodriguez,wiley.rodriguez19@example.com,True
151,152,Orrin,Grant,orrin.grant42@example.com,True
152,153,Sheridan,Turcotte,sheridan.turcotte@example.com,True
153,154,Brad,Wisoky,brad.wisoky41@example.com,True
154,155,Adan,Weber,adan.weber61@example.com,True
155,156,Carmel,Schultz,carmel.schultz@example.com,True
156,157,Sandrine,Osinski,sandrine.osinski@example.com,True
157,158,Nikolas,Wolf,nikolas.wolf@example.com,True
158,159,Amparo,Dietrich,amparo.dietrich@example.com,False
159,160,Marlin,Goldner,marlin_goldner6@example.com,True
160,161,Brock,Hackett,brock.hackett@example.com,True
161,162,Roberta,Mueller-Yundt,roberta_mueller-yundt@example.com,True
162,163,Alex,Lang,alex_lang85@example.com,True
163,164,Clementine,Nicolas,clementine_nicolas@example.com,True
164,165,Cindy,Barrows,cindy_barrows20@example.com,True
165,166,Talon,Turner,talon.turner59@example.com,True
166,167,Ari,Howe,ari.howe73@example.com,True
167,168,Vincenza,Zemlak-Collier,vincenza_zemlak-collier@example.com,True
168,169,Alexander,Beahan,alexander.beahan57@example.com,True
169,170,Kamryn,Rogahn,kamryn_rogahn40@example.com,True
170,171,Kaleb,Schmidt,kaleb.schmidt@example.com,True
171,172,Daisy,Kuhic,daisy_kuhic24@example.com,True
172,173,Aylin,Sanford,aylin.sanford@example.com,True
173,174,Perry,Kerluke,perry_kerluke83@example.com,True
174,175,Elvis,Littel-Vandervort,elvis.littel-vandervort28@example.com,True
175,176,Fatima,Dicki,fatima_dicki@example.com,True
176,177,Americo,Hoppe,americo_hoppe57@example.com,True
177,178,Ismael,Ward,ismael_ward@example.com,True
178,179,Gerald,Lind,gerald_lind57@example.com,True
179,180,Lamont,Schroeder,lamont.schroeder89@example.com,True
180,181,Lazaro,Herzog,lazaro_herzog@example.com,True
181,182,Cyril,Frami,cyril_frami88@example.com,False
182,183,Minerva,Hettinger,minerva_hettinger@example.com,True
183,184,General,Morissette,general_morissette47@example.com,True
184,185,Van,Crona,van_crona@example.com,True
185,186,Sammy,Schmidt,sammy.schmidt@example.com,True
186,187,Hilda,Crooks,hilda_crooks61@example.com,True
187,188,D'angelo,Kling,dangelo_kling6@example.com,True
188,189,Oran,Torphy,oran_torphy@example.com,True
189,190,Wilton,Dietrich,wilton.dietrich23@example.com,True
190,191,Rosemary,Krajcik,rosemary_krajcik@example.com,True
191,192,Lavonne,Schmidt,lavonne.schmidt95@example.com,False
192,193,Selina,Flatley,selina_flatley@example.com,True
193,194,Oliver,Mitchell,oliver_mitchell50@example.com,True
194,195,Maryam,Kunze,maryam_kunze@example.com,True
195,196,Joseph,Nitzsche,joseph_nitzsche@example.com,True
196,197,Tabitha,Ruecker,tabitha.ruecker@example.com,True
197,198,Ricky,Langosh,ricky.langosh66@example.com,True
198,199,Frederic,Armstrong,frederic_armstrong96@example.com,True
199,200,Consuelo,Borer,consuelo.borer@example.com,True
200,201,Kennith,Hahn,kennith.hahn@example.com,True
201,202,Mathilde,Ziemann-Nienow,mathilde.ziemann-nienow6@example.com,True
202,203,Vidal,Parker,vidal_parker12@example.com,True
203,204,Cassidy,Boehm,cassidy_boehm22@example.com,True
204,205,Jaylon,Conroy,jaylon_conroy22@example.com,False
205,206,Adrain,Kris-Hermiston,adrain.kris-hermiston@example.com,True
206,207,Jamaal,Rolfson,jamaal_rolfson@example.com,True
207,208,Sonia,Nolan,sonia_nolan@example.com,True
208,209,Otho,Nikolaus,otho.nikolaus99@example.com,True
209,210,Carroll,Wisozk,carroll_wisozk@example.com,True
210,211,Leonor,Corwin,leonor_corwin3@example.com,True
211,212,Mia,Renner,mia.renner47@example.com,True
212,213,Jadon,Nicolas,jadon.nicolas@example.com,True
213,214,Ressie,Howell-Hodkiewicz,ressie_howell-hodkiewicz35@example.com,True
214,215,Roma,Durgan,roma.durgan@example.com,True
215,216,Earlene,Wisozk,earlene.wisozk@example.com,True
216,217,Sarah,West,sarah.west@example.com,True
217,218,Kevon,Dickinson,kevon.dickinson@example.com,True
218,219,Dasia,Volkman,dasia_volkman65@example.com,True
219,220,Monte,Botsford,monte_botsford@example.com,True
220,221,Joseph,Steuber,joseph_steuber@example.com,True
221,222,Loren,Schmidt,loren_schmidt@example.com,True
222,223,Lilly,Rosenbaum,lilly.rosenbaum@example.com,True
223,224,Simeon,Heathcote,simeon_heathcote75@example.com,True
224,225,Rubye,Emmerich,rubye.emmerich@example.com,True
225,226,Matt,Kuhic,matt_kuhic57@example.com,True
226,227,Cassidy,Price-Schimmel,cassidy.price-schimmel@example.com,True
227,228,Karlee,MacGyver,karlee_macgyver@example.com,True
228,229,Wallace,Batz,wallace_batz@example.com,True
229,230,Gudrun,Brakus,gudrun_brakus@example.com,True
230,231,Adelia,Roberts,adelia_roberts0@example.com,True
231,232,Claudie,Hagenes,claudie_hagenes@example.com,True
232,233,Jamil,Mayer,jamil.mayer@example.com,True
233,234,Malvina,Ortiz,malvina_ortiz@example.com,True
234,235,Alexa,Rippin,alexa_rippin25@example.com,True
235,236,Jameson,Considine,jameson.considine1@example.com,True
236,237,Roosevelt,Ullrich,roosevelt.ullrich75@example.com,True
237,238,Emilia,Cummerata,emilia_cummerata@example.com,True
238,239,Cruz,Okuneva,cruz.okuneva@example.com,True
239,240,Jabari,Farrell,jabari_farrell75@example.com,True
240,241,Marcelina,Grady,marcelina_grady19@example.com,True
241,242,Oma,Franecki-Johnson,oma.franecki-johnson@example.com,True
242,243,Era,Mitchell,era.mitchell21@example.com,True
243,244,Charlene,Kuhic,charlene_kuhic@example.com,True
244,245,Lawrence,Rogahn,lawrence_rogahn33@example.com,True
245,246,Karolann,Legros,karolann_legros@example.com,True
246,247,Santa,Corwin,santa.corwin59@example.com,True
247,248,Ken,Towne,ken.towne@example.com,True
248,249,Rupert,Lebsack,rupert.lebsack@example.com,True
249,250,Michale,Hilpert,michale_hilpert62@example.com,True
250,1,Charlene,Roberts,charlene_roberts@example.com,True
251,2,Amina,King,amina_king41@example.com,True
252,3,Conner,Bernhard,conner.bernhard33@example.com,True
253,4,Cayla,Farrell,cayla_farrell@example.com,True
254,5,Webster,Skiles,webster_skiles39@example.com,True
255,6,Brycen,Bayer,brycen_bayer60@example.com,True
256,7,Einar,Volkman,einar_volkman69@example.com,True
257,8,Alvena,Emmerich,alvena_emmerich52@example.com,True
258,9,Anne,Hamill,anne_hamill75@example.com,True
259,10,Jaycee,Erdman,jaycee_erdman96@example.com,True
260,11,Leonel,Hamill,leonel_hamill33@example.com,True
261,12,Mara,Johnson,mara.johnson17@example.com,True
262,13,Judy,Hackett,judy_hackett49@example.com,True
263,14,Alanna,Kilback,alanna_kilback31@example.com,True
264,15,Zachariah,Herzog,zachariah_herzog42@example.com,True
265,16,Casimir,Smitham,casimir_smitham35@example.com,True
266,17,Gavin,Lowe,gavin_lowe@example.com,True
267,18,Kenya,Abshire,kenya.abshire@example.com,True
268,19,Melba,Collier,melba.collier@example.com,True
269,20,Alvina,Koch,alvina.koch8@example.com,True
270,21,Guy,Christiansen,guy.christiansen40@example.com,True
271,22,Antoinette,Greenfelder,antoinette_greenfelder61@example.com,True
272,23,Ericka,DuBuque,ericka.dubuque@example.com,True
273,24,Celia,D'Amore,celia_damore@example.com,True
274,25,Jennifer,Stoltenberg,jennifer_stoltenberg@example.com,True
275,26,Melvina,Reilly,melvina_reilly83@example.com,True
276,27,Rosella,Homenick,rosella.homenick@example.com,True
277,28,Queen,Lubowitz,queen.lubowitz76@example.com,True
278,29,Jensen,Bashirian,jensen_bashirian@example.com,True
279,30,Conrad,Connelly,conrad.connelly22@example.com,True
280,31,Izaiah,Rempel,izaiah_rempel@example.com,True
281,32,Kariane,Schmitt,kariane.schmitt97@example.com,True
282,33,Cassidy,Christiansen,cassidy_christiansen38@example.com,True
283,34,Koby,Pouros,koby_pouros60@example.com,True
284,35,Dwight,Dicki-Medhurst,dwight.dicki-medhurst69@example.com,True
285,36,Karlee,Hudson-Turner,karlee.hudson-turner88@example.com,True
286,37,Lenny,Howe,lenny.howe@example.com,True
287,38,Edward,Jacobson,edward_jacobson38@example.com,True
288,39,Margaretta,Barrows,margaretta_barrows41@example.com,True
289,40,Gwendolyn,Wyman,gwendolyn.wyman87@example.com,True
290,41,Amely,Daniel,amely_daniel@example.com,True
291,42,Trace,Witting-Stamm,trace_witting-stamm17@example.com,True
292,43,Lamar,Wilkinson,lamar_wilkinson43@example.com,True
293,44,Everett,Yundt,everett_yundt11@example.com,True
294,45,Myrtie,Daniel,myrtie_daniel33@example.com,True
295,46,Della,Labadie,della_labadie@example.com,True
296,47,Lacy,Gusikowski,lacy.gusikowski@example.com,False
297,48,Maymie,Boehm,maymie.boehm90@example.com,True
298,49,Green,Kozey,green_kozey22@example.com,True
299,50,Jolie,Abernathy,jolie_abernathy33@example.com,True
300,51,Hermina,West,hermina.west3@example.com,True
301,52,Samson,Stroman,samson_stroman@example.com,True
302,53,Darian,Schaden,darian_schaden36@example.com,True
303,54,Jo,Haag-Mayer,jo_haag-mayer@example.com,True
304,55,Simeon,Robel,simeon_robel12@example.com,True
305,56,Niko,Wisozk,niko_wisozk@example.com,True
306,57,Raheem,Kovacek,raheem_kovacek3@example.com,True
307,58,Autumn,Bartell,autumn.bartell95@example.com,True
308,59,Lilla,Koss,lilla.koss@example.com,True
309,60,Merl,Jenkins,merl.jenkins6@example.com,True
310,61,Jarrell,Flatley,jarrell_flatley39@example.com,True
311,62,Mckenna,Hegmann-Price,mckenna.hegmann-price77@example.com,True
312,63,Theresia,Collins,theresia_collins86@example.com,True
313,64,Beau,Stiedemann,beau.stiedemann@example.com,True
314,65,Enos,Hamill,enos_hamill@example.com,True
315,66,Tiara,Wilderman,tiara_wilderman@example.com,True
316,67,Kaden,Brekke,kaden_brekke@example.com,True
317,68,Jewell,Olson,jewell_olson2@example.com,True
318,69,Lamont,Huel,lamont.huel@example.com,True
319,70,Virginie,O'Connell,virginie.oconnell55@example.com,True
320,71,Florencio,Mohr,florencio_mohr@example.com,True
321,72,Ike,Breitenberg,ike.breitenberg@example.com,True
322,73,Ryan,Conroy,ryan_conroy@example.com,True
323,74,Terence,Lemke,terence.lemke85@example.com,True
324,75,Candace,Mueller,candace.mueller@example.com,False
325,76,Jesse,Kiehn,jesse_kiehn92@example.com,True
326,77,Berniece,Medhurst,berniece_medhurst@example.com,True
327,78,Marilou,Douglas,marilou.douglas@example.com,True
328,79,Bradford,Doyle,bradford.doyle42@example.com,True
329,80,Amya,Powlowski,amya_powlowski32@example.com,True
330,81,Mateo,Gerlach,mateo.gerlach@example.com,True
331,82,Stephan,Heller,stephan.heller@example.com,True
332,83,Hortense,Cruickshank,hortense.cruickshank65@example.com,True
333,84,Phyllis,Hyatt,phyllis_hyatt83@example.com,True
334,85,Colby,Kovacek,colby_kovacek40@example.com,True
335,86,Mable,West,mable_west@example.com,True
336,87,Michaela,Feeney,michaela_feeney46@example.com,True
337,88,Pinkie,Denesik,pinkie_denesik32@example.com,True
338,89,Mazie,Douglas,mazie_douglas@example.com,True
339,90,Myrl,Pollich,myrl.pollich@example.com,True
340,91,Ruben,Terry,ruben.terry@example.com,True
341,92,Filiberto,Fay,filiberto.fay59@example.com,True
342,93,Velma,Jerde,velma.jerde56@example.com,True
343,94,Camron,O'Conner,camron.oconner54@example.com,True
344,95,Ethyl,Auer,ethyl_auer89@example.com,True
345,96,Matilde,Beahan,matilde_beahan@example.com,True
346,97,Esperanza,Casper,esperanza_casper@example.com,True
347,98,Tabitha,McKenzie,tabitha_mckenzie@example.com,True
348,99,Whitney,O'Reilly,whitney.oreilly@example.com,True
349,100,Charity,Crona,charity.crona12@example.com,True
350,101,Norbert,Jacobi,norbert_jacobi92@example.com,True
351,102,Lazaro,Rath,lazaro.rath42@example.com,True
352,103,Rosina,Larkin,rosina.larkin75@example.com,True
353,104,Jermain,Kshlerin,jermain_kshlerin51@example.com,True
354,105,Lemuel,Jast,lemuel.jast27@example.com,True
355,106,Allan,Buckridge,allan_buckridge@example.com,False
356,107,Elva,Roberts,elva.roberts48@example.com,True
357,108,Abdul,Rau,abdul.rau@example.com,True
358,109,Vida,Kunde-Koepp,vida_kunde-koepp95@example.com,True
359,110,Earnestine,Dickinson,earnestine_dickinson@example.com,True
360,111,Dovie,Gorczany,dovie.gorczany@example.com,True
361,112,Marta,Harvey,marta.harvey68@example.com,True
362,113,Arnaldo,Friesen,arnaldo_friesen78@example.com,True
363,114,Sam,Hegmann-Jast,sam_hegmann-jast86@example.com,True
364,115,Jamal,Gerhold,jamal.gerhold@example.com,True
365,116,Daren,Lockman,daren_lockman67@example.com,True
366,117,Leora,Doyle,leora_doyle@example.com,True
367,118,Eveline,Emard,eveline.emard@example.com,True
368,119,Jennifer,Hoeger,jennifer.hoeger@example.com,True
369,120,Maria,Senger,maria.senger@example.com,True
370,121,Lennie,Dickinson,lennie_dickinson8@example.com,True
371,122,Nikko,Kuhlman,nikko_kuhlman@example.com,False
372,123,Telly,Sanford,telly.sanford@example.com,True
373,124,Aaron,Fritsch,aaron.fritsch@example.com,True
374,125,Diana,Murazik,diana.murazik31@example.com,True
375,126,Gerda,Streich,gerda_streich@example.com,True
376,127,Audreanne,Will,audreanne_will@example.com,True
377,128,Maximus,Bosco,maximus_bosco@example.com,True
378,129,Wade,Upton,wade_upton78@example.com,True
379,130,Amari,Koch,amari.koch@example.com,True
380,131,Lew,O'Kon,lew.okon75@example.com,True
381,132,Ludwig,Stiedemann,ludwig_stiedemann@example.com,True
382,133,Britney,Haag,britney.haag@example.com,True
383,134,Glenna,Keebler,glenna_keebler@example.com,True
384,135,Porter,Dooley,porter.dooley@example.com,True
385,136,Mike,Zemlak,mike.zemlak96@example.com,True
386,137,April,Kihn,april.kihn55@example.com,True
387,138,Jonas,Rath,jonas.rath@example.com,True
388,139,Kathleen,Lynch,kathleen_lynch1@example.com,True
389,140,Chyna,Kozey,chyna_kozey80@example.com,True
390,141,Wendy,Borer,wendy_borer@example.com,True
391,142,Carley,Gleichner,carley.gleichner@example.com,True
392,143,Clyde,Bernier-Gleason,clyde_bernier-gleason6@example.com,True
393,144,Fritz,Skiles,fritz_skiles@example.com,True
394,145,Tillman,Breitenberg,tillman_breitenberg54@example.com,True
395,146,Jacynthe,Sawayn,jacynthe_sawayn71@example.com,True
396,147,Hershel,Smitham,hershel.smitham@example.com,True
397,148,Douglas,Frami,douglas.frami@example.com,True
398,149,Rickie,Sporer,rickie.sporer50@example.com,True
399,150,Jonathan,Howe,jonathan_howe77@example.com,True
400,151,Wiley,Rodriguez,wiley.rodriguez19@example.com,True
401,152,Orrin,Grant,orrin.grant42@example.com,True
402,153,Sheridan,Turcotte,sheridan.turcotte@example.com,True
403,154,Brad,Wisoky,brad.wisoky41@example.com,True
404,155,Adan,Weber,adan.weber61@example.com,True
405,156,Carmel,Schultz,carmel.schultz@example.com,True
406,157,Sandrine,Osinski,sandrine.osinski@example.com,True
407,158,Nikolas,Wolf,nikolas.wolf@example.com,True
408,159,Amparo,Dietrich,amparo.dietrich@example.com,False
409,160,Marlin,Goldner,marlin_goldner6@example.com,True
410,161,Brock,Hackett,brock.hackett@example.com,True
411,162,Roberta,Mueller-Yundt,roberta_mueller-yundt@example.com,True
412,163,Alex,Lang,alex_lang85@example.com,True
413,164,Clementine,Nicolas,clementine_nicolas@example.com,True
414,165,Cindy,Barrows,cindy_barrows20@example.com,True
415,166,Talon,Turner,talon.turner59@example.com,True
416,167,Ari,Howe,ari.howe73@example.com,True
417,168,Vincenza,Zemlak-Collier,vincenza_zemlak-collier@example.com,True
418,169,Alexander,Beahan,alexander.beahan57@example.com,True
419,170,Kamryn,Rogahn,kamryn_rogahn40@example.com,True
420,171,Kaleb,Schmidt,kaleb.schmidt@example.com,True
421,172,Daisy,Kuhic,daisy_kuhic24@example.com,True
422,173,Aylin,Sanford,aylin.sanford@example.com,True
423,174,Perry,Kerluke,perry_kerluke83@example.com,True
424,175,Elvis,Littel-Vandervort,elvis.littel-vandervort28@example.com,True
425,176,Fatima,Dicki,fatima_dicki@example.com,True
426,177,Americo,Hoppe,americo_hoppe57@example.com,True
427,178,Ismael,Ward,ismael_ward@example.com,True
428,179,Gerald,Lind,gerald_lind57@example.com,True
429,180,Lamont,Schroeder,lamont.schroeder89@example.com,True
430,181,Lazaro,Herzog,lazaro_herzog@example.com,True
431,182,Cyril,Frami,cyril_frami88@example.com,False
432,183,Minerva,Hettinger,minerva_hettinger@example.com,True
433,184,General,Morissette,general_morissette47@example.com,True
434,185,Van,Crona,van_crona@example.com,True
435,186,Sammy,Schmidt,sammy.schmidt@example.com,True
436,187,Hilda,Crooks,hilda_crooks61@example.com,True
437,188,D'angelo,Kling,dangelo_kling6@example.com,True
438,189,Oran,Torphy,oran_torphy@example.com,True
439,190,Wilton,Dietrich,wilton.dietrich23@example.com,True
440,191,Rosemary,Krajcik,rosemary_krajcik@example.com,True
441,192,Lavonne,Schmidt,lavonne.schmidt95@example.com,False
442,193,Selina,Flatley,selina_flatley@example.com,True
443,194,Oliver,Mitchell,oliver_mitchell50@example.com,True
444,195,Maryam,Kunze,maryam_kunze@example.com,True
445,196,Joseph,Nitzsche,joseph_nitzsche@example.com,True
446,197,Tabitha,Ruecker,tabitha.ruecker@example.com,True
447,198,Ricky,Langosh,ricky.langosh66@example.com,True
448,199,Frederic,Armstrong,frederic_armstrong96@example.com,True
449,200,Consuelo,Borer,consuelo.borer@example.com,True
450,201,Kennith,Hahn,kennith.hahn@example.com,True
451,202,Mathilde,Ziemann-Nienow,mathilde.ziemann-nienow6@example.com,True
452,203,Vidal,Parker,vidal_parker12@example.com,True
453,204,Cassidy,Boehm,cassidy_boehm22@example.com,True
454,205,Jaylon,Conroy,jaylon_conroy22@example.com,False
455,206,Adrain,Kris-Hermiston,adrain.kris-hermiston@example.com,True
456,207,Jamaal,Rolfson,jamaal_rolfson@example.com,True
457,208,Sonia,Nolan,sonia_nolan@example.com,True
458,209,Otho,Nikolaus,otho.nikolaus99@example.com,True
459,210,Carroll,Wisozk,carroll_wisozk@example.com,True
460,211,Leonor,Corwin,leonor_corwin3@example.com,True
461,212,Mia,Renner,mia.renner47@example.com,True
462,213,Jadon,Nicolas,jadon.nicolas@example.com,True
463,214,Ressie,Howell-Hodkiewicz,ressie_howell-hodkiewicz35@example.com,True
464,215,Roma,Durgan,roma.durgan@example.com,True
465,216,Earlene,Wisozk,earlene.wisozk@example.com,True
466,217,Sarah,West,sarah.west@example.com,True
467,218,Kevon,Dickinson,kevon.dickinson@example.com,True
468,219,Dasia,Volkman,dasia_volkman65@example.com,True
469,220,Monte,Botsford,monte_botsford@example.com,True
470,221,Joseph,Steuber,joseph_steuber@example.com,True
471,222,Loren,Schmidt,loren_schmidt@example.com,True
472,223,Lilly,Rosenbaum,lilly.rosenbaum@example.com,True
473,224,Simeon,Heathcote,simeon_heathcote75@example.com,True
474,225,Rubye,Emmerich,rubye.emmerich@example.com,True
475,226,Matt,Kuhic,matt_kuhic57@example.com,True
476,227,Cassidy,Price-Schimmel,cassidy.price-schimmel@example.com,True
477,228,Karlee,MacGyver,karlee_macgyver@example.com,True
478,229,Wallace,Batz,wallace_batz@example.com,True
479,230,Gudrun,Brakus,gudrun_brakus@example.com,True
480,231,Adelia,Roberts,adelia_roberts0@example.com,True
481,232,Claudie,Hagenes,claudie_hagenes@example.com,True
482,233,Jamil,Mayer,jamil.mayer@example.com,True
483,234,Malvina,Ortiz,malvina_ortiz@example.com,True
484,235,Alexa,Rippin,alexa_rippin25@example.com,True
485,236,Jameson,Considine,jameson.considine1@example.com,True
486,237,Roosevelt,Ullrich,roosevelt.ullrich75@example.com,True
487,238,Emilia,Cummerata,emilia_cummerata@example.com,True
488,239,Cruz,Okuneva,cruz.okuneva@example.com,True
489,240,Jabari,Farrell,jabari_farrell75@example.com,True
490,241,Marcelina,Grady,marcelina_grady19@example.com,True
491,242,Oma,Franecki-Johnson,oma.franecki-johnson@example.com,True
492,243,Era,Mitchell,era.mitchell21@example.com,True
493,244,Charlene,Kuhic,charlene_kuhic@example.com,True
494,245,Lawrence,Rogahn,lawrence_rogahn33@example.com,True
495,246,Karolann,Legros,karolann_legros@example.com,True
496,247,Santa,Corwin,santa.corwin59@example.com,True
497,248,Ken,Towne,ken.towne@example.com,True
498,249,Rupert,Lebsack,rupert.lebsack@example.com,True
499,250,Michale,Hilpert,michale_hilpert62@example.com,True
500,1,Charlene,Roberts,charlene_roberts@example.com,True
501,2,Amina,King,amina_king41@example.com,True
502,3,Conner,Bernhard,conner.bernhard33@example.com,True
503,4,Cayla,Farrell,cayla_farrell@example.com,True
504,5,Webster,Skiles,webster_skiles39@example.com,True
505,6,Brycen,Bayer,brycen_bayer60@example.com,True
506,7,Einar,Volkman,einar_volkman69@example.com,True
507,8,Alvena,Emmerich,alvena_emmerich52@example.com,True
508,9,Anne,Hamill,anne_hamill75@example.com,True
509,10,Jaycee,Erdman,jaycee_erdman96@example.com,True
510,11,Leonel,Hamill,leonel_hamill33@example.com,True
511,12,Mara,Johnson,mara.johnson17@example.com,True
512,13,Judy,Hackett,judy_hackett49@example.com,True
513,14,Alanna,Kilback,alanna_kilback31@example.com,True
514,15,Zachariah,Herzog,zachariah_herzog42@example.com,True
515,16,Casimir,Smitham,casimir_smitham35@example.com,True
516,17,Gavin,Lowe,gavin_lowe@example.com,True
517,18,Kenya,Abshire,kenya.abshire@example.com,True
518,19,Melba,Collier,melba.collier@example.com,True
519,20,Alvina,Koch,alvina.koch8@example.com,True
520,21,Guy,Christiansen,guy.christiansen40@example.com,True
521,22,Antoinette,Greenfelder,antoinette_greenfelder61@example.com,True
522,23,Ericka,DuBuque,ericka.dubuque@example.com,True
523,24,Celia,D'Amore,celia_damore@example.com,True
524,25,Jennifer,Stoltenberg,jennifer_stoltenberg@example.com,True
525,26,Melvina,Reilly,melvina_reilly83@example.com,True
526,27,Rosella,Homenick,rosella.homenick@example.com,True
527,28,Queen,Lubowitz,queen.lubowitz76@example.com,True
528,29,Jensen,Bashirian,jensen_bashirian@example.com,True
529,30,Conrad,Connelly,conrad.connelly22@example.com,True
530,31,Izaiah,Rempel,izaiah_rempel@example.com,True
531,32,Kariane,Schmitt,kariane.schmitt97@example.com,True
532,33,Cassidy,Christiansen,cassidy_christiansen38@example.com,True
533,34,Koby,Pouros,koby_pouros60@example.com,True
534,35,Dwight,Dicki-Medhurst,dwight.dicki-medhurst69@example.com,True
535,36,Karlee,Hudson-Turner,karlee.hudson-turner88@example.com,True
536,37,Lenny,Howe,lenny.howe@example.com,True
537,38,Edward,Jacobson,edward_jacobson38@example.com,True
538,39,Margaretta,Barrows,margaretta_barrows41@example.com,True
539,40,Gwendolyn,Wyman,gwendolyn.wyman87@example.com,True
540,41,Amely,Daniel,amely_daniel@example.com,True
541,42,Trace,Witting-Stamm,trace_witting-stamm17@example.com,True
542,43,Lamar,Wilkinson,lamar_wilkinson43@example.com,True
543,44,Everett,Yundt,everett_yundt11@example.com,True
544,45,Myrtie,Daniel,myrtie_daniel33@example.com,True
545,46,Della,Labadie,della_labadie@example.com,True
546,47,Lacy,Gusikowski,lacy.gusikowski@example.com,False
547,48,Maymie,Boehm,maymie.boehm90@example.com,True
548,49,Green,Kozey,green_kozey22@example.com,True
549,50,Jolie,Abernathy,jolie_abernathy33@example.com,True
550,51,Hermina,West,hermina.west3@example.com,True
551,52,Samson,Stroman,samson_stroman@example.com,True
552,53,Darian,Schaden,darian_schaden36@example.com,True
553,54,Jo,Haag-Mayer,jo_haag-mayer@example.com,True
554,55,Simeon,Robel,simeon_robel12@example.com,True
555,56,Niko,Wisozk,niko_wisozk@example.com,True
556,57,Raheem,Kovacek,raheem_kovacek3@example.com,True
557,58,Autumn,Bartell,autumn.bartell95@example.com,True
558,59,Lilla,Koss,lilla.koss@example.com,True
559,60,Merl,Jenkins,merl.jenkins6@example.com,True
560,61,Jarrell,Flatley,jarrell_flatley39@example.com,True
561,62,Mckenna,Hegmann-Price,mckenna.hegmann-price77@example.com,True
562,63,Theresia,Collins,theresia_collins86@example.com,True
563,64,Beau,Stiedemann,beau.stiedemann@example.com,True
564,65,Enos,Hamill,enos_hamill@example.com,True
565,66,Tiara,Wilderman,tiara_wilderman@example.com,True
566,67,Kaden,Brekke,kaden_brekke@example.com,True
567,68,Jewell,Olson,jewell_olson2@example.com,True
568,69,Lamont,Huel,lamont.huel@example.com,True
569,70,Virginie,O'Connell,virginie.oconnell55@example.com,True
570,71,Florencio,Mohr,florencio_mohr@example.com,True
571,72,Ike,Breitenberg,ike.breitenberg@example.com,True
572,73,Ryan,Conroy,ryan_conroy@example.com,True
573,74,Terence,Lemke,terence.lemke85@example.com,True
574,75,Candace,Mueller,candace.mueller@example.com,False
575,76,Jesse,Kiehn,jesse_kiehn92@example.com,True
576,77,Berniece,Medhurst,berniece_medhurst@example.com,True
577,78,Marilou,Douglas,marilou.douglas@example.com,True
578,79,Bradford,Doyle,bradford.doyle42@example.com,True
579,80,Amya,Powlowski,amya_powlowski32@example.com,True
580,81,Mateo,Gerlach,mateo.gerlach@example.com,True
581,82,Stephan,Heller,stephan.heller@example.com,True
582,83,Hortense,Cruickshank,hortense.cruickshank65@example.com,True
583,84,Phyllis,Hyatt,phyllis_hyatt83@example.com,True
584,85,Colby,Kovacek,colby_kovacek40@example.com,True
585,86,Mable,West,mable_west@example.com,True
586,87,Michaela,Feeney,michaela_feeney46@example.com,True
587,88,Pinkie,Denesik,pinkie_denesik32@example.com,True
588,89,Mazie,Douglas,mazie_douglas@example.com,True
589,90,Myrl,Pollich,myrl.pollich@example.com,True
590,91,Ruben,Terry,ruben.terry@example.com,True
591,92,Filiberto,Fay,filiberto.fay59@example.com,True
592,93,Velma,Jerde,velma.jerde56@example.com,True
593,94,Camron,O'Conner,camron.oconner54@example.com,True
594,95,Ethyl,Auer,ethyl_auer89@example.com,True
595,96,Matilde,Beahan,matilde_beahan@example.com,True
596,97,Esperanza,Casper,esperanza_casper@example.com,True
597,98,Tabitha,McKenzie,tabitha_mckenzie@example.com,True
598,99,Whitney,O'Reilly,whitney.oreilly@example.com,True
599,100,Charity,Crona,charity.crona12@example.com,True
600,101,Norbert,Jacobi,norbert_jacobi92@example.com,True
601,102,Lazaro,Rath,lazaro.rath42@example.com,True
602,103,Rosina,Larkin,rosina.larkin75@example.com,True
603,104,Jermain,Kshlerin,jermain_kshlerin51@example.com,True
604,105,Lemuel,Jast,lemuel.jast27@example.com,True
605,106,Allan,Buckridge,allan_buckridge@example.com,False
606,107,Elva,Roberts,elva.roberts48@example.com,True
607,108,Abdul,Rau,abdul.rau@example.com,True
608,109,Vida,Kunde-Koepp,vida_kunde-koepp95@example.com,True
609,110,Earnestine,Dickinson,earnestine_dickinson@example.com,True
610,111,Dovie,Gorczany,dovie.gorczany@example.com,True
611,112,Marta,Harvey,marta.harvey68@example.com,True
612,113,Arnaldo,Friesen,arnaldo_friesen78@example.com,True
613,114,Sam,Hegmann-Jast,sam_hegmann-jast86@example.com,True
614,115,Jamal,Gerhold,jamal.gerhold@example.com,True
615,116,Daren,Lockman,daren_lockman67@example.com,True
616,117,Leora,Doyle,leora_doyle@example.com,True
617,118,Eveline,Emard,eveline.emard@example.com,True
618,119,Jennifer,Hoeger,jennifer.hoeger@example.com,True
619,120,Maria,Senger,maria.senger@example.com,True
620,121,Lennie,Dickinson,lennie_dickinson8@example.com,True
621,122,Nikko,Kuhlman,nikko_kuhlman@example.com,False
622,123,Telly,Sanford,telly.sanford@example.com,True
623,124,Aaron,Fritsch,aaron.fritsch@example.com,True
624,125,Diana,Murazik,diana.murazik31@example.com,True
625,126,Gerda,Streich,gerda_streich@example.com,True
626,127,Audreanne,Will,audreanne_will@example.com,True
627,128,Maximus,Bosco,maximus_bosco@example.com,True
628,129,Wade,Upton,wade_upton78@example.com,True
629,130,Amari,Koch,amari.koch@example.com,True
630,131,Lew,O'Kon,lew.okon75@example.com,True
631,132,Ludwig,Stiedemann,ludwig_stiedemann@example.com,True
632,133,Britney,Haag,britney.haag@example.com,True
633,134,Glenna,Keebler,glenna_keebler@example.com,True
634,135,Porter,Dooley,porter.dooley@example.com,True
635,136,Mike,Zemlak,mike.zemlak96@example.com,True
636,137,April,Kihn,april.kihn55@example.com,True
637,138,Jonas,Rath,jonas.rath@example.com,True
638,139,Kathleen,Lynch,kathleen_lynch1@example.com,True
639,140,Chyna,Kozey,chyna_kozey80@example.com,True
640,141,Wendy,Borer,wendy_borer@example.com,True
641,142,Carley,Gleichner,carley.gleichner@example.com,True
642,143,Clyde,Bernier-Gleason,clyde_bernier-gleason6@example.com,True
643,144,Fritz,Skiles,fritz_skiles@example.com,True
644,145,Tillman,Breitenberg,tillman_breitenberg54@example.com,True
645,146,Jacynthe,Sawayn,jacynthe_sawayn71@example.com,True
646,147,Hershel,Smitham,hershel.smitham@example.com,True
647,148,Douglas,Frami,douglas.frami@example.com,True
648,149,Rickie,Sporer,rickie.sporer50@example.com,True
649,150,Jonathan,Howe,jonathan_howe77@example.com,True
650,151,Wiley,Rodriguez,wiley.rodriguez19@example.com,True
651,152,Orrin,Grant,orrin.grant42@example.com,True
652,153,Sheridan,Turcotte,sheridan.turcotte@example.com,True
653,154,Brad,Wisoky,brad.wisoky41@example.com,True
654,155,Adan,Weber,adan.weber61@example.com,True
655,156,Carmel,Schultz,carmel.schultz@example.com,True
656,157,Sandrine,Osinski,sandrine.osinski@example.com,True
657,158,Nikolas,Wolf,nikolas.wolf@example.com,True
658,159,Amparo,Dietrich,amparo.dietrich@example.com,False
659,160,Marlin,Goldner,marlin_goldner6@example.com,True
660,161,Brock,Hackett,brock.hackett@example.com,True
661,162,Roberta,Mueller-Yundt,roberta_mueller-yundt@example.com,True
662,163,Alex,Lang,alex_lang85@example.com,True
663,164,Clementine,Nicolas,clementine_nicolas@example.com,True
664,165,Cindy,Barrows,cindy_barrows20@example.com,True
665,166,Talon,Turner,talon.turner59@example.com,True
666,167,Ari,Howe,ari.howe73@example.com,True
667,168,Vincenza,Zemlak-Collier,vincenza_zemlak-collier@example.com,True
668,169,Alexander,Beahan,alexander.beahan57@example.com,True
669,170,Kamryn,Rogahn,kamryn_rogahn40@example.com,True
670,171,Kaleb,Schmidt,kaleb.schmidt@example.com,True
671,172,Daisy,Kuhic,daisy_kuhic24@example.com,True
672,173,Aylin,Sanford,aylin.sanford@example.com,True
673,174,Perry,Kerluke,perry_kerluke83@example.com,True
674,175,Elvis,Littel-Vandervort,elvis.littel-vandervort28@example.com,True
675,176,Fatima,Dicki,fatima_dicki@example.com,True
676,177,Americo,Hoppe,americo_hoppe57@example.com,True
677,178,Ismael,Ward,ismael_ward@example.com,True
678,179,Gerald,Lind,gerald_lind57@example.com,True
679,180,Lamont,Schroeder,lamont.schroeder89@example.com,True
680,181,Lazaro,Herzog,lazaro_herzog@example.com,True
681,182,Cyril,Frami,cyril_frami88@example.com,False
682,183,Minerva,Hettinger,minerva_hettinger@example.com,True
683,184,General,Morissette,general_morissette47@example.com,True
684,185,Van,Crona,van_crona@example.com,True
685,186,Sammy,Schmidt,sammy.schmidt@example.com,True
686,187,Hilda,Crooks,hilda_crooks61@example.com,True
687,188,D'angelo,Kling,dangelo_kling6@example.com,True
688,189,Oran,Torphy,oran_torphy@example.com,True
689,190,Wilton,Dietrich,wilton.dietrich23@example.com,True
690,191,Rosemary,Krajcik,rosemary_krajcik@example.com,True
691,192,Lavonne,Schmidt,lavonne.schmidt95@example.com,False
692,193,Selina,Flatley,selina_flatley@example.com,True
693,194,Oliver,Mitchell,oliver_mitchell50@example.com,True
694,195,Maryam,Kunze,maryam_kunze@example.com,True
695,196,Joseph,Nitzsche,joseph_nitzsche@example.com,True
696,197,Tabitha,Ruecker,tabitha.ruecker@example.com,True
697,198,Ricky,Langosh,ricky.langosh66@example.com,True
698,199,Frederic,Armstrong,frederic_armstrong96@example.com,True
699,200,Consuelo,Borer,consuelo.borer@example.com,True
700,201,Kennith,Hahn,kennith.hahn@example.com,True
701,202,Mathilde,Ziemann-Nienow,mathilde.ziemann-nienow6@example.com,True
702,203,Vidal,Parker,vidal_parker12@example.com,True
703,204,Cassidy,Boehm,cassidy_boehm22@example.com,True
704,205,Jaylon,Conroy,jaylon_conroy22@example.com,False
705,206,Adrain,Kris-Hermiston,adrain.kris-hermiston@example.com,True
706,207,Jamaal,Rolfson,jamaal_rolfson@example.com,True
707,208,Sonia,Nolan,sonia_nolan@example.com,True
708,209,Otho,Nikolaus,otho.nikolaus99@example.com,True
709,210,Carroll,Wisozk,carroll_wisozk@example.com,True
710,211,Leonor,Corwin,leonor_corwin3@example.com,True
711,212,Mia,Renner,mia.renner47@example.com,True
712,213,Jadon,Nicolas,jadon.nicolas@example.com,True
713,214,Ressie,Howell-Hodkiewicz,ressie_howell-hodkiewicz35@example.com,True
714,215,Roma,Durgan,roma.durgan@example.com,True
715,216,Earlene,Wisozk,earlene.wisozk@example.com,True
716,217,Sarah,West,sarah.west@example.com,True
717,218,Kevon,Dickinson,kevon.dickinson@example.com,True
718,219,Dasia,Volkman,dasia_volkman65@example.com,True
719,220,Monte,Botsford,monte_botsford@example.com,True
720,221,Joseph,Steuber,joseph_steuber@example.com,True
721,222,Loren,Schmidt,loren_schmidt@example.com,True
722,223,Lilly,Rosenbaum,lilly.rosenbaum@example.com,True
723,224,Simeon,Heathcote,simeon_heathcote75@example.com,True
724,225,Rubye,Emmerich,rubye.emmerich@example.com,True
725,226,Matt,Kuhic,matt_kuhic57@example.com,True
726,227,Cassidy,Price-Schimmel,cassidy.price-schimmel@example.com,True
727,228,Karlee,MacGyver,karlee_macgyver@example.com,True
728,229,Wallace,Batz,wallace_batz@example.com,True
729,230,Gudrun,Brakus,gudrun_brakus@example.com,True
730,231,Adelia,Roberts,adelia_roberts0@example.com,True
731,232,Claudie,Hagenes,claudie_hagenes@example.com,True
732,233,Jamil,Mayer,jamil.mayer@example.com,True
733,234,Malvina,Ortiz,malvina_ortiz@example.com,True
734,235,Alexa,Rippin,alexa_rippin25@example.com,True
735,236,Jameson,Considine,jameson.considine1@example.com,True
736,237,Roosevelt,Ullrich,roosevelt.ullrich75@example.com,True
737,238,Emilia,Cummerata,emilia_cummerata@example.com,True
738,239,Cruz,Okuneva,cruz.okuneva@example.com,True
739,240,Jabari,Farrell,jabari_farrell75@example.com,True
740,241,Marcelina,Grady,marcelina_grady19@example.com,True
741,242,Oma,Franecki-Johnson,oma.franecki-johnson@example.com,True
742,243,Era,Mitchell,era.mitchell21@example.com,True
743,244,Charlene,Kuhic,charlene_kuhic@example.com,True
744,245,Lawrence,Rogahn,lawrence_rogahn33@example.com,True
745,246,Karolann,Legros,karolann_legros@example.com,True
746,247,Santa,Corwin,santa.corwin59@example.com,True
747,248,Ken,Towne,ken.towne@example.com,True
748,249,Rupert,Lebsack,rupert.lebsack@example.com,True
749,250,Michale,Hilpert,michale_hilpert62@example.com,True
